MAKE,MODEL
TOYOTA,4RUNNER
TOYOTA,AVALON
TOYOTA,CAMRY
TOYOTA,CELICA
TOYOTA,C-HR
TOYOTA,COROLLA
TOYOTA,CRESSIDA
TOYOTA,ECHO
TOYOTA,FJ CRUISER
TOYOTA,FR-S
TOYOTA,HIGHLANDER
TOYOTA,IA
TOYOTA,IM
TOYOTA,IQ
TOYOTA,LANDCRUISER
TOYOTA,MATRIX
TOYOTA,MIRAI
TOYOTA,MR2
TOYOTA,MR2 SPYDER
TOYOTA,PASEO
TOYOTA,PICKUP
TOYOTA,PRIUS C
TOYOTA,PRIUS PLUG IN
TOYOTA,PRIUS PRIME
TOYOTA,PRIUS V
TOYOTA,RAV4
TOYOTA,RAV4 EV
TOYOTA,RAV4 HYBRID
TOYOTA,SEQUOIA
TOYOTA,SIENNA
TOYOTA,SOLARA
TOYOTA,SUPRA
TOYOTA,TACOMA
TOYOTA,TC
TOYOTA,TERCEL
TOYOTA,TRUCK
TOYOTA,TUNDRA
TOYOTA,VENZA
TOYOTA,XA
TOYOTA,XB
TOYOTA,XD
TOYOTA,Y
TOYOTA,YARIS
TOYOTA,YARIS IA
